[{"model": "admin.logentry", "pk": 1, "fields": {"action_time": "2023-04-18T03:01:49.401Z", "user": 10, "content_type": 12, "object_id": "1", "object_repr": "Brett Gonzales: Villa Brett: images/1_1.jpeg", "action_flag": 1, "change_message": "[{\"added\": {}}]"}}, {"model": "admin.logentry", "pk": 2, "fields": {"action_time": "2023-04-18T03:02:03.126Z", "user": 10, "content_type": 12, "object_id": "2", "object_repr": "Brett Gonzales: Villa Brett: images/1_2.jpeg", "action_flag": 1, "change_message": "[{\"added\": {}}]"}}, {"model": "admin.logentry", "pk": 3, "fields": {"action_time": "2023-04-18T03:02:15.079Z", "user": 10, "content_type": 12, "object_id": "3", "object_repr": "Brett Gonzales: Villa Brett 2: images/2_1.jpeg", "action_flag": 1, "change_message": "[{\"added\": {}}]"}}, {"model": "admin.logentry", "pk": 4, "fields": {"action_time": "2023-04-18T03:02:27.037Z", "user": 10, "content_type": 12, "object_id": "4", "object_repr": "Brett Gonzales: Villa Brett 2: images/2_2.jpeg", "action_flag": 1, "change_message": "[{\"added\": {}}]"}}, {"model": "admin.logentry", "pk": 5, "fields": {"action_time": "2023-04-18T03:03:12.317Z", "user": 10, "content_type": 12, "object_id": "5", "object_repr": "Brett Gonzales: Villa Brett 3: images/3_1.jpeg", "action_flag": 1, "change_message": "[{\"added\": {}}]"}}, {"model": "admin.logentry", "pk": 6, "fields": {"action_time": "2023-04-18T03:03:26.728Z", "user": 10, "content_type": 12, "object_id": "6", "object_repr": "Brett Gonzales: Villa Brett 3: images/3_2.jpeg", "action_flag": 1, "change_message": "[{\"added\": {}}]"}}, {"model": "admin.logentry", "pk": 7, "fields": {"action_time": "2023-04-18T03:03:57.416Z", "user": 10, "content_type": 12, "object_id": "7", "object_repr": "Brett Gonzales: Villa Brett 4: images/4_1.jpeg", "action_flag": 1, "change_message": "[{\"added\": {}}]"}}, {"model": "admin.logentry", "pk": 8, "fields": {"action_time": "2023-04-18T03:04:08.789Z", "user": 10, "content_type": 12, "object_id": "8", "object_repr": "Brett Gonzales: Villa Brett 4: images/4_2.jpeg", "action_flag": 1, "change_message": "[{\"added\": {}}]"}}, {"model": "admin.logentry", "pk": 9, "fields": {"action_time": "2023-04-18T03:04:19.334Z", "user": 10, "content_type": 12, "object_id": "9", "object_repr": "Dale Floyd: Villa Dale: images/5_1.jpeg", "action_flag": 1, "change_message": "[{\"added\": {}}]"}}, {"model": "admin.logentry", "pk": 10, "fields": {"action_time": "2023-04-18T03:04:29.624Z", "user": 10, "content_type": 12, "object_id": "10", "object_repr": "Dale Floyd: Villa Dale: images/5_2.jpeg", "action_flag": 1, "change_message": "[{\"added\": {}}]"}}, {"model": "admin.logentry", "pk": 11, "fields": {"action_time": "2023-04-18T03:04:44.456Z", "user": 10, "content_type": 12, "object_id": "11", "object_repr": "Dale Floyd: Villa Dale 2: images/6_1.jpeg", "action_flag": 1, "change_message": "[{\"added\": {}}]"}}, {"model": "admin.logentry", "pk": 12, "fields": {"action_time": "2023-04-18T03:04:57.796Z", "user": 10, "content_type": 12, "object_id": "12", "object_repr": "Dale Floyd: Villa Dale 2: images/6_2.jpeg", "action_flag": 1, "change_message": "[{\"added\": {}}]"}}, {"model": "admin.logentry", "pk": 13, "fields": {"action_time": "2023-04-18T03:05:14.356Z", "user": 10, "content_type": 12, "object_id": "13", "object_repr": "Dale Floyd: Villa Dale 3: images/7_1.jpeg", "action_flag": 1, "change_message": "[{\"added\": {}}]"}}, {"model": "admin.logentry", "pk": 14, "fields": {"action_time": "2023-04-18T03:05:32.556Z", "user": 10, "content_type": 12, "object_id": "14", "object_repr": "Dale Floyd: Villa Dale 3: images/7_2.jpeg", "action_flag": 1, "change_message": "[{\"added\": {}}]"}}, {"model": "admin.logentry", "pk": 15, "fields": {"action_time": "2023-04-18T03:05:46.866Z", "user": 10, "content_type": 12, "object_id": "15", "object_repr": "Dale Floyd: Villa Dale 4: images/8_1.jpeg", "action_flag": 1, "change_message": "[{\"added\": {}}]"}}, {"model": "admin.logentry", "pk": 16, "fields": {"action_time": "2023-04-18T03:06:09.727Z", "user": 10, "content_type": 12, "object_id": "16", "object_repr": "Dale Floyd: Villa Dale 4: images/8_2.jpeg", "action_flag": 1, "change_message": "[{\"added\": {}}]"}}, {"model": "admin.logentry", "pk": 17, "fields": {"action_time": "2023-04-18T03:06:21.703Z", "user": 10, "content_type": 12, "object_id": "17", "object_repr": "Sherrie Diaz: Villa Sherrie: images/9_1.jpeg", "action_flag": 1, "change_message": "[{\"added\": {}}]"}}, {"model": "admin.logentry", "pk": 18, "fields": {"action_time": "2023-04-18T03:06:36.279Z", "user": 10, "content_type": 12, "object_id": "18", "object_repr": "Sherrie Diaz: Villa Sherrie: images/9_2.jpeg", "action_flag": 1, "change_message": "[{\"added\": {}}]"}}, {"model": "admin.logentry", "pk": 19, "fields": {"action_time": "2023-04-18T03:06:53.922Z", "user": 10, "content_type": 12, "object_id": "19", "object_repr": "Sherrie Diaz: Villa Sherrie 2: images/10_1.jpeg", "action_flag": 1, "change_message": "[{\"added\": {}}]"}}, {"model": "admin.logentry", "pk": 20, "fields": {"action_time": "2023-04-18T03:07:18.832Z", "user": 10, "content_type": 12, "object_id": "20", "object_repr": "Sherrie Diaz: Villa Sherrie 2: images/10_2.jpeg", "action_flag": 1, "change_message": "[{\"added\": {}}]"}}, {"model": "admin.logentry", "pk": 21, "fields": {"action_time": "2023-04-18T03:07:30.961Z", "user": 10, "content_type": 12, "object_id": "21", "object_repr": "Sherrie Diaz: Villa Sherrie 3: images/11_1.jpeg", "action_flag": 1, "change_message": "[{\"added\": {}}]"}}, {"model": "admin.logentry", "pk": 22, "fields": {"action_time": "2023-04-18T03:07:50.262Z", "user": 10, "content_type": 12, "object_id": "22", "object_repr": "Sherrie Diaz: Villa Sherrie 3: images/11_2.jpeg", "action_flag": 1, "change_message": "[{\"added\": {}}]"}}, {"model": "admin.logentry", "pk": 23, "fields": {"action_time": "2023-04-18T03:08:14.430Z", "user": 10, "content_type": 12, "object_id": "23", "object_repr": "Diane Lambert: Villa Diane 2: images/12_1.jpeg", "action_flag": 1, "change_message": "[{\"added\": {}}]"}}, {"model": "admin.logentry", "pk": 24, "fields": {"action_time": "2023-04-18T03:08:28.295Z", "user": 10, "content_type": 12, "object_id": "24", "object_repr": "Diane Lambert: Villa Diane 2: images/12_2.jpeg", "action_flag": 1, "change_message": "[{\"added\": {}}]"}}, {"model": "admin.logentry", "pk": 25, "fields": {"action_time": "2023-04-18T03:09:12.789Z", "user": 10, "content_type": 12, "object_id": "25", "object_repr": "Diane Lambert: Villa Diane: images/13_1.jpeg", "action_flag": 1, "change_message": "[{\"added\": {}}]"}}, {"model": "admin.logentry", "pk": 26, "fields": {"action_time": "2023-04-18T03:09:32.430Z", "user": 10, "content_type": 12, "object_id": "26", "object_repr": "Diane Lambert: Villa Diane: images/13_2.jpeg", "action_flag": 1, "change_message": "[{\"added\": {}}]"}}, {"model": "admin.logentry", "pk": 27, "fields": {"action_time": "2023-04-18T03:09:58.173Z", "user": 10, "content_type": 12, "object_id": "27", "object_repr": "Diane Lambert: Villa Diane 3: images/14_1.jpeg", "action_flag": 1, "change_message": "[{\"added\": {}}]"}}, {"model": "admin.logentry", "pk": 28, "fields": {"action_time": "2023-04-18T03:10:06.377Z", "user": 10, "content_type": 12, "object_id": "28", "object_repr": "Diane Lambert: Villa Diane 3: images/14_2.jpeg", "action_flag": 1, "change_message": "[{\"added\": {}}]"}}, {"model": "admin.logentry", "pk": 29, "fields": {"action_time": "2023-04-18T03:10:18.323Z", "user": 10, "content_type": 12, "object_id": "29", "object_repr": "Maryellen Gomez: Villa Maryellen: images/15_1.jpeg", "action_flag": 1, "change_message": "[{\"added\": {}}]"}}, {"model": "admin.logentry", "pk": 30, "fields": {"action_time": "2023-04-18T03:10:28.661Z", "user": 10, "content_type": 12, "object_id": "30", "object_repr": "Maryellen Gomez: Villa Maryellen: images/15_2.jpeg", "action_flag": 1, "change_message": "[{\"added\": {}}]"}}, {"model": "admin.logentry", "pk": 31, "fields": {"action_time": "2023-04-18T03:10:39.228Z", "user": 10, "content_type": 12, "object_id": "31", "object_repr": "Maryellen Gomez: Villa Maryellen 2: images/16_1.jpeg", "action_flag": 1, "change_message": "[{\"added\": {}}]"}}, {"model": "admin.logentry", "pk": 32, "fields": {"action_time": "2023-04-18T03:10:49.024Z", "user": 10, "content_type": 12, "object_id": "32", "object_repr": "Maryellen Gomez: Villa Maryellen 2: images/16_2.jpeg", "action_flag": 1, "change_message": "[{\"added\": {}}]"}}, {"model": "admin.logentry", "pk": 33, "fields": {"action_time": "2023-04-18T03:10:59.623Z", "user": 10, "content_type": 12, "object_id": "33", "object_repr": "Maryellen Gomez: Villa Maryellen 3: images/17_1.jpeg", "action_flag": 1, "change_message": "[{\"added\": {}}]"}}, {"model": "admin.logentry", "pk": 34, "fields": {"action_time": "2023-04-18T03:11:08.775Z", "user": 10, "content_type": 12, "object_id": "34", "object_repr": "Maryellen Gomez: Villa Maryellen 3: images/17_2.jpeg", "action_flag": 1, "change_message": "[{\"added\": {}}]"}}, {"model": "admin.logentry", "pk": 35, "fields": {"action_time": "2023-04-18T03:11:18.639Z", "user": 10, "content_type": 12, "object_id": "35", "object_repr": "Robert Myers: Villa Robert: images/18_1.jpeg", "action_flag": 1, "change_message": "[{\"added\": {}}]"}}, {"model": "admin.logentry", "pk": 36, "fields": {"action_time": "2023-04-18T03:11:38.596Z", "user": 10, "content_type": 12, "object_id": "36", "object_repr": "Robert Myers: Villa Robert: images/18_2.jpeg", "action_flag": 1, "change_message": "[{\"added\": {}}]"}}, {"model": "admin.logentry", "pk": 37, "fields": {"action_time": "2023-04-18T03:11:55.895Z", "user": 10, "content_type": 12, "object_id": "37", "object_repr": "Robert Myers: Villa Robert 2: images/19_1.jpeg", "action_flag": 1, "change_message": "[{\"added\": {}}]"}}, {"model": "admin.logentry", "pk": 38, "fields": {"action_time": "2023-04-18T03:12:07.791Z", "user": 10, "content_type": 12, "object_id": "38", "object_repr": "Robert Myers: Villa Robert 2: images/19_2.jpeg", "action_flag": 1, "change_message": "[{\"added\": {}}]"}}, {"model": "admin.logentry", "pk": 39, "fields": {"action_time": "2023-04-18T03:12:16.473Z", "user": 10, "content_type": 12, "object_id": "39", "object_repr": "Robert Myers: Villa Robert 3: images/20_1.jpeg", "action_flag": 1, "change_message": "[{\"added\": {}}]"}}, {"model": "admin.logentry", "pk": 40, "fields": {"action_time": "2023-04-18T03:12:25.222Z", "user": 10, "content_type": 12, "object_id": "40", "object_repr": "Robert Myers: Villa Robert 3: images/20_2.jpeg", "action_flag": 1, "change_message": "[{\"added\": {}}]"}}, {"model": "admin.logentry", "pk": 41, "fields": {"action_time": "2023-04-18T03:13:15.275Z", "user": 10, "content_type": 9, "object_id": "1", "object_repr": "wifi", "action_flag": 1, "change_message": "[{\"added\": {}}]"}}, {"model": "admin.logentry", "pk": 42, "fields": {"action_time": "2023-04-18T03:13:21.182Z", "user": 10, "content_type": 9, "object_id": "2", "object_repr": "conditioner", "action_flag": 1, "change_message": "[{\"added\": {}}]"}}, {"model": "admin.logentry", "pk": 43, "fields": {"action_time": "2023-04-18T03:13:25.545Z", "user": 10, "content_type": 9, "object_id": "3", "object_repr": "kitchen", "action_flag": 1, "change_message": "[{\"added\": {}}]"}}, {"model": "admin.logentry", "pk": 44, "fields": {"action_time": "2023-04-18T03:13:36.727Z", "user": 10, "content_type": 9, "object_id": "4", "object_repr": "pool", "action_flag": 1, "change_message": "[{\"added\": {}}]"}}, {"model": "admin.logentry", "pk": 45, "fields": {"action_time": "2023-04-18T03:13:41.704Z", "user": 10, "content_type": 9, "object_id": "5", "object_repr": "breakfast", "action_flag": 1, "change_message": "[{\"added\": {}}]"}}, {"model": "admin.logentry", "pk": 46, "fields": {"action_time": "2023-04-18T03:14:07.631Z", "user": 10, "content_type": 10, "object_id": "1", "object_repr": "Brett Gonzales: Villa Brett", "action_flag": 2, "change_message": "[{\"changed\": {\"fields\": [\"Amenities\"]}}]"}}, {"model": "admin.logentry", "pk": 47, "fields": {"action_time": "2023-04-18T03:14:25.401Z", "user": 10, "content_type": 10, "object_id": "2", "object_repr": "Brett Gonzales: Villa Brett 2", "action_flag": 2, "change_message": "[{\"changed\": {\"fields\": [\"Amenities\"]}}]"}}, {"model": "admin.logentry", "pk": 48, "fields": {"action_time": "2023-04-18T03:14:30.133Z", "user": 10, "content_type": 10, "object_id": "3", "object_repr": "Brett Gonzales: Villa Brett 3", "action_flag": 2, "change_message": "[{\"changed\": {\"fields\": [\"Amenities\"]}}]"}}, {"model": "admin.logentry", "pk": 49, "fields": {"action_time": "2023-04-18T03:14:36.744Z", "user": 10, "content_type": 10, "object_id": "4", "object_repr": "Brett Gonzales: Villa Brett 4", "action_flag": 2, "change_message": "[{\"changed\": {\"fields\": [\"Amenities\"]}}]"}}, {"model": "admin.logentry", "pk": 50, "fields": {"action_time": "2023-04-18T03:14:43.520Z", "user": 10, "content_type": 10, "object_id": "5", "object_repr": "Dale Floyd: Villa Dale", "action_flag": 2, "change_message": "[{\"changed\": {\"fields\": [\"Amenities\"]}}]"}}, {"model": "admin.logentry", "pk": 51, "fields": {"action_time": "2023-04-18T03:14:49.343Z", "user": 10, "content_type": 10, "object_id": "6", "object_repr": "Dale Floyd: Villa Dale 2", "action_flag": 2, "change_message": "[{\"changed\": {\"fields\": [\"Amenities\"]}}]"}}, {"model": "admin.logentry", "pk": 52, "fields": {"action_time": "2023-04-18T03:14:55.614Z", "user": 10, "content_type": 10, "object_id": "7", "object_repr": "Dale Floyd: Villa Dale 3", "action_flag": 2, "change_message": "[{\"changed\": {\"fields\": [\"Amenities\"]}}]"}}, {"model": "admin.logentry", "pk": 53, "fields": {"action_time": "2023-04-18T03:15:00.178Z", "user": 10, "content_type": 10, "object_id": "20", "object_repr": "Robert Myers: Villa Robert 3", "action_flag": 2, "change_message": "[{\"changed\": {\"fields\": [\"Amenities\"]}}]"}}, {"model": "admin.logentry", "pk": 54, "fields": {"action_time": "2023-04-18T03:15:06.188Z", "user": 10, "content_type": 10, "object_id": "19", "object_repr": "Robert Myers: Villa Robert 2", "action_flag": 2, "change_message": "[{\"changed\": {\"fields\": [\"Amenities\"]}}]"}}, {"model": "admin.logentry", "pk": 55, "fields": {"action_time": "2023-04-18T03:15:10.842Z", "user": 10, "content_type": 10, "object_id": "18", "object_repr": "Robert Myers: Villa Robert", "action_flag": 2, "change_message": "[{\"changed\": {\"fields\": [\"Amenities\"]}}]"}}, {"model": "admin.logentry", "pk": 56, "fields": {"action_time": "2023-04-18T03:15:16.903Z", "user": 10, "content_type": 10, "object_id": "17", "object_repr": "Maryellen Gomez: Villa Maryellen 3", "action_flag": 2, "change_message": "[{\"changed\": {\"fields\": [\"Amenities\"]}}]"}}, {"model": "admin.logentry", "pk": 57, "fields": {"action_time": "2023-04-18T03:15:25.103Z", "user": 10, "content_type": 10, "object_id": "16", "object_repr": "Maryellen Gomez: Villa Maryellen 2", "action_flag": 2, "change_message": "[{\"changed\": {\"fields\": [\"Amenities\"]}}]"}}, {"model": "admin.logentry", "pk": 58, "fields": {"action_time": "2023-04-18T03:15:29.994Z", "user": 10, "content_type": 10, "object_id": "15", "object_repr": "Maryellen Gomez: Villa Maryellen", "action_flag": 2, "change_message": "[{\"changed\": {\"fields\": [\"Amenities\"]}}]"}}, {"model": "admin.logentry", "pk": 59, "fields": {"action_time": "2023-04-18T03:15:35.999Z", "user": 10, "content_type": 10, "object_id": "14", "object_repr": "Diane Lambert: Villa Diane 3", "action_flag": 2, "change_message": "[{\"changed\": {\"fields\": [\"Amenities\"]}}]"}}, {"model": "admin.logentry", "pk": 60, "fields": {"action_time": "2023-04-18T03:15:40.143Z", "user": 10, "content_type": 10, "object_id": "11", "object_repr": "Sherrie Diaz: Villa Sherrie 3", "action_flag": 2, "change_message": "[{\"changed\": {\"fields\": [\"Amenities\"]}}]"}}, {"model": "admin.logentry", "pk": 61, "fields": {"action_time": "2023-04-18T03:15:44.852Z", "user": 10, "content_type": 10, "object_id": "8", "object_repr": "Dale Floyd: Villa Dale 4", "action_flag": 2, "change_message": "[{\"changed\": {\"fields\": [\"Amenities\"]}}]"}}, {"model": "admin.logentry", "pk": 62, "fields": {"action_time": "2023-04-18T03:15:48.823Z", "user": 10, "content_type": 10, "object_id": "6", "object_repr": "Dale Floyd: Villa Dale 2", "action_flag": 2, "change_message": "[]"}}, {"model": "admin.logentry", "pk": 63, "fields": {"action_time": "2023-04-18T03:15:53.147Z", "user": 10, "content_type": 10, "object_id": "6", "object_repr": "Dale Floyd: Villa Dale 2", "action_flag": 2, "change_message": "[]"}}, {"model": "admin.logentry", "pk": 64, "fields": {"action_time": "2023-04-18T03:15:57.874Z", "user": 10, "content_type": 10, "object_id": "13", "object_repr": "Diane Lambert: Villa Diane 2", "action_flag": 2, "change_message": "[{\"changed\": {\"fields\": [\"Amenities\"]}}]"}}, {"model": "admin.logentry", "pk": 65, "fields": {"action_time": "2023-04-18T03:16:01.555Z", "user": 10, "content_type": 10, "object_id": "12", "object_repr": "Diane Lambert: Villa Diane", "action_flag": 2, "change_message": "[{\"changed\": {\"fields\": [\"Amenities\"]}}]"}}, {"model": "admin.logentry", "pk": 66, "fields": {"action_time": "2023-04-18T03:16:05.265Z", "user": 10, "content_type": 10, "object_id": "12", "object_repr": "Diane Lambert: Villa Diane", "action_flag": 2, "change_message": "[]"}}, {"model": "admin.logentry", "pk": 67, "fields": {"action_time": "2023-04-18T03:17:21.109Z", "user": 10, "content_type": 22, "object_id": "1", "object_repr": "Guest Carolyn commented on Robert's property Villa Robert 2", "action_flag": 1, "change_message": "[{\"added\": {}}]"}}, {"model": "auth.permission", "pk": 1, "fields": {"name": "Can add log entry", "content_type": 1, "codename": "add_logentry"}}, {"model": "auth.permission", "pk": 2, "fields": {"name": "Can change log entry", "content_type": 1, "codename": "change_logentry"}}, {"model": "auth.permission", "pk": 3, "fields": {"name": "Can delete log entry", "content_type": 1, "codename": "delete_logentry"}}, {"model": "auth.permission", "pk": 4, "fields": {"name": "Can view log entry", "content_type": 1, "codename": "view_logentry"}}, {"model": "auth.permission", "pk": 5, "fields": {"name": "Can add permission", "content_type": 2, "codename": "add_permission"}}, {"model": "auth.permission", "pk": 6, "fields": {"name": "Can change permission", "content_type": 2, "codename": "change_permission"}}, {"model": "auth.permission", "pk": 7, "fields": {"name": "Can delete permission", "content_type": 2, "codename": "delete_permission"}}, {"model": "auth.permission", "pk": 8, "fields": {"name": "Can view permission", "content_type": 2, "codename": "view_permission"}}, {"model": "auth.permission", "pk": 9, "fields": {"name": "Can add group", "content_type": 3, "codename": "add_group"}}, {"model": "auth.permission", "pk": 10, "fields": {"name": "Can change group", "content_type": 3, "codename": "change_group"}}, {"model": "auth.permission", "pk": 11, "fields": {"name": "Can delete group", "content_type": 3, "codename": "delete_group"}}, {"model": "auth.permission", "pk": 12, "fields": {"name": "Can view group", "content_type": 3, "codename": "view_group"}}, {"model": "auth.permission", "pk": 13, "fields": {"name": "Can add content type", "content_type": 4, "codename": "add_contenttype"}}, {"model": "auth.permission", "pk": 14, "fields": {"name": "Can change content type", "content_type": 4, "codename": "change_contenttype"}}, {"model": "auth.permission", "pk": 15, "fields": {"name": "Can delete content type", "content_type": 4, "codename": "delete_contenttype"}}, {"model": "auth.permission", "pk": 16, "fields": {"name": "Can view content type", "content_type": 4, "codename": "view_contenttype"}}, {"model": "auth.permission", "pk": 17, "fields": {"name": "Can add session", "content_type": 5, "codename": "add_session"}}, {"model": "auth.permission", "pk": 18, "fields": {"name": "Can change session", "content_type": 5, "codename": "change_session"}}, {"model": "auth.permission", "pk": 19, "fields": {"name": "Can delete session", "content_type": 5, "codename": "delete_session"}}, {"model": "auth.permission", "pk": 20, "fields": {"name": "Can view session", "content_type": 5, "codename": "view_session"}}, {"model": "auth.permission", "pk": 21, "fields": {"name": "Can add blacklisted token", "content_type": 6, "codename": "add_blacklistedtoken"}}, {"model": "auth.permission", "pk": 22, "fields": {"name": "Can change blacklisted token", "content_type": 6, "codename": "change_blacklistedtoken"}}, {"model": "auth.permission", "pk": 23, "fields": {"name": "Can delete blacklisted token", "content_type": 6, "codename": "delete_blacklistedtoken"}}, {"model": "auth.permission", "pk": 24, "fields": {"name": "Can view blacklisted token", "content_type": 6, "codename": "view_blacklistedtoken"}}, {"model": "auth.permission", "pk": 25, "fields": {"name": "Can add outstanding token", "content_type": 7, "codename": "add_outstandingtoken"}}, {"model": "auth.permission", "pk": 26, "fields": {"name": "Can change outstanding token", "content_type": 7, "codename": "change_outstandingtoken"}}, {"model": "auth.permission", "pk": 27, "fields": {"name": "Can delete outstanding token", "content_type": 7, "codename": "delete_outstandingtoken"}}, {"model": "auth.permission", "pk": 28, "fields": {"name": "Can view outstanding token", "content_type": 7, "codename": "view_outstandingtoken"}}, {"model": "auth.permission", "pk": 29, "fields": {"name": "Can add user", "content_type": 8, "codename": "add_user"}}, {"model": "auth.permission", "pk": 30, "fields": {"name": "Can change user", "content_type": 8, "codename": "change_user"}}, {"model": "auth.permission", "pk": 31, "fields": {"name": "Can delete user", "content_type": 8, "codename": "delete_user"}}, {"model": "auth.permission", "pk": 32, "fields": {"name": "Can view user", "content_type": 8, "codename": "view_user"}}, {"model": "auth.permission", "pk": 33, "fields": {"name": "Can add amenity", "content_type": 9, "codename": "add_amenity"}}, {"model": "auth.permission", "pk": 34, "fields": {"name": "Can change amenity", "content_type": 9, "codename": "change_amenity"}}, {"model": "auth.permission", "pk": 35, "fields": {"name": "Can delete amenity", "content_type": 9, "codename": "delete_amenity"}}, {"model": "auth.permission", "pk": 36, "fields": {"name": "Can view amenity", "content_type": 9, "codename": "view_amenity"}}, {"model": "auth.permission", "pk": 37, "fields": {"name": "Can add property", "content_type": 10, "codename": "add_property"}}, {"model": "auth.permission", "pk": 38, "fields": {"name": "Can change property", "content_type": 10, "codename": "change_property"}}, {"model": "auth.permission", "pk": 39, "fields": {"name": "Can delete property", "content_type": 10, "codename": "delete_property"}}, {"model": "auth.permission", "pk": 40, "fields": {"name": "Can view property", "content_type": 10, "codename": "view_property"}}, {"model": "auth.permission", "pk": 41, "fields": {"name": "Can add reservation", "content_type": 11, "codename": "add_reservation"}}, {"model": "auth.permission", "pk": 42, "fields": {"name": "Can change reservation", "content_type": 11, "codename": "change_reservation"}}, {"model": "auth.permission", "pk": 43, "fields": {"name": "Can delete reservation", "content_type": 11, "codename": "delete_reservation"}}, {"model": "auth.permission", "pk": 44, "fields": {"name": "Can view reservation", "content_type": 11, "codename": "view_reservation"}}, {"model": "auth.permission", "pk": 45, "fields": {"name": "Can add property image", "content_type": 12, "codename": "add_propertyimage"}}, {"model": "auth.permission", "pk": 46, "fields": {"name": "Can change property image", "content_type": 12, "codename": "change_propertyimage"}}, {"model": "auth.permission", "pk": 47, "fields": {"name": "Can delete property image", "content_type": 12, "codename": "delete_propertyimage"}}, {"model": "auth.permission", "pk": 48, "fields": {"name": "Can view property image", "content_type": 12, "codename": "view_propertyimage"}}, {"model": "auth.permission", "pk": 49, "fields": {"name": "Can add availability", "content_type": 13, "codename": "add_availability"}}, {"model": "auth.permission", "pk": 50, "fields": {"name": "Can change availability", "content_type": 13, "codename": "change_availability"}}, {"model": "auth.permission", "pk": 51, "fields": {"name": "Can delete availability", "content_type": 13, "codename": "delete_availability"}}, {"model": "auth.permission", "pk": 52, "fields": {"name": "Can view availability", "content_type": 13, "codename": "view_availability"}}, {"model": "auth.permission", "pk": 53, "fields": {"name": "Can add rating", "content_type": 14, "codename": "add_rating"}}, {"model": "auth.permission", "pk": 54, "fields": {"name": "Can change rating", "content_type": 14, "codename": "change_rating"}}, {"model": "auth.permission", "pk": 55, "fields": {"name": "Can delete rating", "content_type": 14, "codename": "delete_rating"}}, {"model": "auth.permission", "pk": 56, "fields": {"name": "Can view rating", "content_type": 14, "codename": "view_rating"}}, {"model": "auth.permission", "pk": 57, "fields": {"name": "Can add notification", "content_type": 15, "codename": "add_notification"}}, {"model": "auth.permission", "pk": 58, "fields": {"name": "Can change notification", "content_type": 15, "codename": "change_notification"}}, {"model": "auth.permission", "pk": 59, "fields": {"name": "Can delete notification", "content_type": 15, "codename": "delete_notification"}}, {"model": "auth.permission", "pk": 60, "fields": {"name": "Can view notification", "content_type": 15, "codename": "view_notification"}}, {"model": "auth.permission", "pk": 61, "fields": {"name": "Can add reservation notification", "content_type": 16, "codename": "add_reservationnotification"}}, {"model": "auth.permission", "pk": 62, "fields": {"name": "Can change reservation notification", "content_type": 16, "codename": "change_reservationnotification"}}, {"model": "auth.permission", "pk": 63, "fields": {"name": "Can delete reservation notification", "content_type": 16, "codename": "delete_reservationnotification"}}, {"model": "auth.permission", "pk": 64, "fields": {"name": "Can view reservation notification", "content_type": 16, "codename": "view_reservationnotification"}}, {"model": "auth.permission", "pk": 65, "fields": {"name": "Can add rating notification", "content_type": 17, "codename": "add_ratingnotification"}}, {"model": "auth.permission", "pk": 66, "fields": {"name": "Can change rating notification", "content_type": 17, "codename": "change_ratingnotification"}}, {"model": "auth.permission", "pk": 67, "fields": {"name": "Can delete rating notification", "content_type": 17, "codename": "delete_ratingnotification"}}, {"model": "auth.permission", "pk": 68, "fields": {"name": "Can view rating notification", "content_type": 17, "codename": "view_ratingnotification"}}, {"model": "auth.permission", "pk": 69, "fields": {"name": "Can add guest comment notification", "content_type": 18, "codename": "add_guestcommentnotification"}}, {"model": "auth.permission", "pk": 70, "fields": {"name": "Can change guest comment notification", "content_type": 18, "codename": "change_guestcommentnotification"}}, {"model": "auth.permission", "pk": 71, "fields": {"name": "Can delete guest comment notification", "content_type": 18, "codename": "delete_guestcommentnotification"}}, {"model": "auth.permission", "pk": 72, "fields": {"name": "Can view guest comment notification", "content_type": 18, "codename": "view_guestcommentnotification"}}, {"model": "auth.permission", "pk": 73, "fields": {"name": "Can add cancellation notification", "content_type": 19, "codename": "add_cancellationnotification"}}, {"model": "auth.permission", "pk": 74, "fields": {"name": "Can change cancellation notification", "content_type": 19, "codename": "change_cancellationnotification"}}, {"model": "auth.permission", "pk": 75, "fields": {"name": "Can delete cancellation notification", "content_type": 19, "codename": "delete_cancellationnotification"}}, {"model": "auth.permission", "pk": 76, "fields": {"name": "Can view cancellation notification", "content_type": 19, "codename": "view_cancellationnotification"}}, {"model": "auth.permission", "pk": 77, "fields": {"name": "Can add comment", "content_type": 20, "codename": "add_comment"}}, {"model": "auth.permission", "pk": 78, "fields": {"name": "Can change comment", "content_type": 20, "codename": "change_comment"}}, {"model": "auth.permission", "pk": 79, "fields": {"name": "Can delete comment", "content_type": 20, "codename": "delete_comment"}}, {"model": "auth.permission", "pk": 80, "fields": {"name": "Can view comment", "content_type": 20, "codename": "view_comment"}}, {"model": "auth.permission", "pk": 81, "fields": {"name": "Can add reply", "content_type": 21, "codename": "add_reply"}}, {"model": "auth.permission", "pk": 82, "fields": {"name": "Can change reply", "content_type": 21, "codename": "change_reply"}}, {"model": "auth.permission", "pk": 83, "fields": {"name": "Can delete reply", "content_type": 21, "codename": "delete_reply"}}, {"model": "auth.permission", "pk": 84, "fields": {"name": "Can view reply", "content_type": 21, "codename": "view_reply"}}, {"model": "auth.permission", "pk": 85, "fields": {"name": "Can add guest comment", "content_type": 22, "codename": "add_guestcomment"}}, {"model": "auth.permission", "pk": 86, "fields": {"name": "Can change guest comment", "content_type": 22, "codename": "change_guestcomment"}}, {"model": "auth.permission", "pk": 87, "fields": {"name": "Can delete guest comment", "content_type": 22, "codename": "delete_guestcomment"}}, {"model": "auth.permission", "pk": 88, "fields": {"name": "Can view guest comment", "content_type": 22, "codename": "view_guestcomment"}}, {"model": "auth.permission", "pk": 89, "fields": {"name": "Can add host reply", "content_type": 23, "codename": "add_hostreply"}}, {"model": "auth.permission", "pk": 90, "fields": {"name": "Can change host reply", "content_type": 23, "codename": "change_hostreply"}}, {"model": "auth.permission", "pk": 91, "fields": {"name": "Can delete host reply", "content_type": 23, "codename": "delete_hostreply"}}, {"model": "auth.permission", "pk": 92, "fields": {"name": "Can view host reply", "content_type": 23, "codename": "view_hostreply"}}, {"model": "auth.permission", "pk": 93, "fields": {"name": "Can add host comment", "content_type": 24, "codename": "add_hostcomment"}}, {"model": "auth.permission", "pk": 94, "fields": {"name": "Can change host comment", "content_type": 24, "codename": "change_hostcomment"}}, {"model": "auth.permission", "pk": 95, "fields": {"name": "Can delete host comment", "content_type": 24, "codename": "delete_hostcomment"}}, {"model": "auth.permission", "pk": 96, "fields": {"name": "Can view host comment", "content_type": 24, "codename": "view_hostcomment"}}, {"model": "auth.permission", "pk": 97, "fields": {"name": "Can add guest reply", "content_type": 25, "codename": "add_guestreply"}}, {"model": "auth.permission", "pk": 98, "fields": {"name": "Can change guest reply", "content_type": 25, "codename": "change_guestreply"}}, {"model": "auth.permission", "pk": 99, "fields": {"name": "Can delete guest reply", "content_type": 25, "codename": "delete_guestreply"}}, {"model": "auth.permission", "pk": 100, "fields": {"name": "Can view guest reply", "content_type": 25, "codename": "view_guestreply"}}, {"model": "contenttypes.contenttype", "pk": 1, "fields": {"app_label": "admin", "model": "logentry"}}, {"model": "contenttypes.contenttype", "pk": 2, "fields": {"app_label": "auth", "model": "permission"}}, {"model": "contenttypes.contenttype", "pk": 3, "fields": {"app_label": "auth", "model": "group"}}, {"model": "contenttypes.contenttype", "pk": 4, "fields": {"app_label": "contenttypes", "model": "contenttype"}}, {"model": "contenttypes.contenttype", "pk": 5, "fields": {"app_label": "sessions", "model": "session"}}, {"model": "contenttypes.contenttype", "pk": 6, "fields": {"app_label": "token_blacklist", "model": "blacklistedtoken"}}, {"model": "contenttypes.contenttype", "pk": 7, "fields": {"app_label": "token_blacklist", "model": "outstandingtoken"}}, {"model": "contenttypes.contenttype", "pk": 8, "fields": {"app_label": "accounts", "model": "user"}}, {"model": "contenttypes.contenttype", "pk": 9, "fields": {"app_label": "properties", "model": "amenity"}}, {"model": "contenttypes.contenttype", "pk": 10, "fields": {"app_label": "properties", "model": "property"}}, {"model": "contenttypes.contenttype", "pk": 11, "fields": {"app_label": "properties", "model": "reservation"}}, {"model": "contenttypes.contenttype", "pk": 12, "fields": {"app_label": "properties", "model": "propertyimage"}}, {"model": "contenttypes.contenttype", "pk": 13, "fields": {"app_label": "properties", "model": "availability"}}, {"model": "contenttypes.contenttype", "pk": 14, "fields": {"app_label": "ratings", "model": "rating"}}, {"model": "contenttypes.contenttype", "pk": 15, "fields": {"app_label": "notifications", "model": "notification"}}, {"model": "contenttypes.contenttype", "pk": 16, "fields": {"app_label": "notifications", "model": "reservationnotification"}}, {"model": "contenttypes.contenttype", "pk": 17, "fields": {"app_label": "notifications", "model": "ratingnotification"}}, {"model": "contenttypes.contenttype", "pk": 18, "fields": {"app_label": "notifications", "model": "guestcommentnotification"}}, {"model": "contenttypes.contenttype", "pk": 19, "fields": {"app_label": "notifications", "model": "cancellationnotification"}}, {"model": "contenttypes.contenttype", "pk": 20, "fields": {"app_label": "comments", "model": "comment"}}, {"model": "contenttypes.contenttype", "pk": 21, "fields": {"app_label": "comments", "model": "reply"}}, {"model": "contenttypes.contenttype", "pk": 22, "fields": {"app_label": "comments", "model": "guestcomment"}}, {"model": "contenttypes.contenttype", "pk": 23, "fields": {"app_label": "comments", "model": "hostreply"}}, {"model": "contenttypes.contenttype", "pk": 24, "fields": {"app_label": "comments", "model": "hostcomment"}}, {"model": "contenttypes.contenttype", "pk": 25, "fields": {"app_label": "comments", "model": "guestreply"}}, {"model": "sessions.session", "pk": "jl22qot4dstenurl294jvq1bofuv8li4", "fields": {"session_data": ".eJxVjMEOwiAQBf-FsyEsBRY8eu83EGBBqoYmpT0Z_92Q9KDXNzPvzXw49uqPnje_ELsyEOzyO8aQnrkNQo_Q7itPa9u3JfKh8JN2Pq-UX7fT_TuooddRW3ASAVGgskYoPamCphibIsmEFCAbcJTB6uKkKlQCWq1IWhnV5DT7fAHbiTc3:1pobQ0:1IM6C8ajELbN85Uwz7LWeux7goHSBuUNevB4OtfEiTE", "expire_date": "2023-05-02T02:50:08.474Z"}}, {"model": "token_blacklist.outstandingtoken", "pk": 1, "fields": {"user": 1, "jti": "5c1f72922d0f486bb6bef26bff549661", "token": "eyJhbGciOiJIUzI1NiIsInR5cCI6IkpXVCJ9.eyJ0b2tlbl90eXBlIjoicmVmcmVzaCIsImV4cCI6MTY4MTg3MTk3MiwiaWF0IjoxNjgxNzg1NTcyLCJqdGkiOiI1YzFmNzI5MjJkMGY0ODZiYjZiZWYyNmJmZjU0OTY2MSIsInVzZXJfaWQiOjF9.XkoGhp6zaQ5oshrVbnV0rAU4ibkJUK82usDhAziu7LI", "created_at": "2023-04-18T02:39:32.683Z", "expires_at": "2023-04-19T02:39:32Z"}}, {"model": "token_blacklist.outstandingtoken", "pk": 2, "fields": {"user": 2, "jti": "7cb0de94d4744471a89161ddcaa18c85", "token": "eyJhbGciOiJIUzI1NiIsInR5cCI6IkpXVCJ9.eyJ0b2tlbl90eXBlIjoicmVmcmVzaCIsImV4cCI6MTY4MTg3MTk4MCwiaWF0IjoxNjgxNzg1NTgwLCJqdGkiOiI3Y2IwZGU5NGQ0NzQ0NDcxYTg5MTYxZGRjYWExOGM4NSIsInVzZXJfaWQiOjJ9.UU8L25tUQzZD48TxOtgDUACKRDitvOSUEPkTH9Ijq-I", "created_at": "2023-04-18T02:39:40.381Z", "expires_at": "2023-04-19T02:39:40Z"}}, {"model": "token_blacklist.outstandingtoken", "pk": 3, "fields": {"user": 3, "jti": "83b03873dbe64d4b9939f576dbad031f", "token": "eyJhbGciOiJIUzI1NiIsInR5cCI6IkpXVCJ9.eyJ0b2tlbl90eXBlIjoicmVmcmVzaCIsImV4cCI6MTY4MTg3MTk5NywiaWF0IjoxNjgxNzg1NTk3LCJqdGkiOiI4M2IwMzg3M2RiZTY0ZDRiOTkzOWY1NzZkYmFkMDMxZiIsInVzZXJfaWQiOjN9.uzpHcrjziR5QLBIUAl29zXwtDmlmgWqCdkGQ9JyAycU", "created_at": "2023-04-18T02:39:57.270Z", "expires_at": "2023-04-19T02:39:57Z"}}, {"model": "token_blacklist.outstandingtoken", "pk": 4, "fields": {"user": 4, "jti": "53c8226fcbe5483a85b6cae1226226e2", "token": "eyJhbGciOiJIUzI1NiIsInR5cCI6IkpXVCJ9.eyJ0b2tlbl90eXBlIjoicmVmcmVzaCIsImV4cCI6MTY4MTg3MjAwNSwiaWF0IjoxNjgxNzg1NjA1LCJqdGkiOiI1M2M4MjI2ZmNiZTU0ODNhODViNmNhZTEyMjYyMjZlMiIsInVzZXJfaWQiOjR9.hQSrgeHOQV_RC7rY4TJE16MQ0vmganL9ZZOT9id0mgw", "created_at": "2023-04-18T02:40:05.929Z", "expires_at": "2023-04-19T02:40:05Z"}}, {"model": "token_blacklist.outstandingtoken", "pk": 5, "fields": {"user": 5, "jti": "44a831c670cd49548d5eca93668dad8b", "token": "eyJhbGciOiJIUzI1NiIsInR5cCI6IkpXVCJ9.eyJ0b2tlbl90eXBlIjoicmVmcmVzaCIsImV4cCI6MTY4MTg3MjEyNiwiaWF0IjoxNjgxNzg1NzI2LCJqdGkiOiI0NGE4MzFjNjcwY2Q0OTU0OGQ1ZWNhOTM2NjhkYWQ4YiIsInVzZXJfaWQiOjV9.zVDDWtldXLF1Uw2Q4qYgVwPm6QSBCzGyyegITytG97k", "created_at": "2023-04-18T02:42:06.275Z", "expires_at": "2023-04-19T02:42:06Z"}}, {"model": "token_blacklist.outstandingtoken", "pk": 6, "fields": {"user": 6, "jti": "3952ed4ae58d4786af214f0227957a3d", "token": "eyJhbGciOiJIUzI1NiIsInR5cCI6IkpXVCJ9.eyJ0b2tlbl90eXBlIjoicmVmcmVzaCIsImV4cCI6MTY4MTg3MjIwOSwiaWF0IjoxNjgxNzg1ODA5LCJqdGkiOiIzOTUyZWQ0YWU1OGQ0Nzg2YWYyMTRmMDIyNzk1N2EzZCIsInVzZXJfaWQiOjZ9.Vb_LncnU_SdeDtlvHHM6jFPvtWpEifbCupFSNfjrts8", "created_at": "2023-04-18T02:43:29.120Z", "expires_at": "2023-04-19T02:43:29Z"}}, {"model": "token_blacklist.outstandingtoken", "pk": 7, "fields": {"user": 7, "jti": "095419d403e24ff6b4851dcd240deb62", "token": "eyJhbGciOiJIUzI1NiIsInR5cCI6IkpXVCJ9.eyJ0b2tlbl90eXBlIjoicmVmcmVzaCIsImV4cCI6MTY4MTg3MjI4MSwiaWF0IjoxNjgxNzg1ODgxLCJqdGkiOiIwOTU0MTlkNDAzZTI0ZmY2YjQ4NTFkY2QyNDBkZWI2MiIsInVzZXJfaWQiOjd9.xOEynRtqJuURerwzjb6rzdhoVxoXQRUsBWMFAONVrck", "created_at": "2023-04-18T02:44:41.825Z", "expires_at": "2023-04-19T02:44:41Z"}}, {"model": "token_blacklist.outstandingtoken", "pk": 8, "fields": {"user": 8, "jti": "db859aab62c545bfbdc919d270919f66", "token": "eyJhbGciOiJIUzI1NiIsInR5cCI6IkpXVCJ9.eyJ0b2tlbl90eXBlIjoicmVmcmVzaCIsImV4cCI6MTY4MTg3MjM0MywiaWF0IjoxNjgxNzg1OTQzLCJqdGkiOiJkYjg1OWFhYjYyYzU0NWJmYmRjOTE5ZDI3MDkxOWY2NiIsInVzZXJfaWQiOjh9.BL5-USS67H5k8AswW191dFZWbB4VgdcAzBVWeosRokc", "created_at": "2023-04-18T02:45:43.588Z", "expires_at": "2023-04-19T02:45:43Z"}}, {"model": "token_blacklist.outstandingtoken", "pk": 9, "fields": {"user": 9, "jti": "95addb6284bf4dc09d9fa12b670cc189", "token": "eyJhbGciOiJIUzI1NiIsInR5cCI6IkpXVCJ9.eyJ0b2tlbl90eXBlIjoicmVmcmVzaCIsImV4cCI6MTY4MTg3MjQyNCwiaWF0IjoxNjgxNzg2MDI0LCJqdGkiOiI5NWFkZGI2Mjg0YmY0ZGMwOWQ5ZmExMmI2NzBjYzE4OSIsInVzZXJfaWQiOjl9.Xpgcb2CRO9ZTjsFfjd4PVh6zGyR9b7xhbX6rDdPTzi4", "created_at": "2023-04-18T02:47:04.215Z", "expires_at": "2023-04-19T02:47:04Z"}}, {"model": "accounts.user", "pk": 1, "fields": {"password": "pbkdf2_sha256$390000$yBHoR5C5dcLyNml1AXPqx0$JGwCn6HqZgBAgHwU4Ft8FhHyvi381EA3sQaD7L9Tz6c=", "last_login": null, "is_superuser": false, "username": "glenna", "is_staff": false, "is_active": true, "date_joined": "2023-04-18T02:39:32.511Z", "first_name": "Glenna", "last_name": "Marinelli", "email": "GlennaHMarinelli@jourrapide.com", "phone_number": "5198516390", "avatar": "", "is_host": false, "groups": [], "user_permissions": []}}, {"model": "accounts.user", "pk": 2, "fields": {"password": "pbkdf2_sha256$390000$kiIOXgFtfC54otBC6OcOxO$rjs/3s1zWrWu93KoLRkkoPHUOLAAtOMWybdIEptN2nc=", "last_login": null, "is_superuser": false, "username": "carolyn", "is_staff": false, "is_active": true, "date_joined": "2023-04-18T02:39:40.199Z", "first_name": "Carolyn", "last_name": "Peoples", "email": "CarolynJPeoples@armyspy.com", "phone_number": "4163735667", "avatar": "", "is_host": false, "groups": [], "user_permissions": []}}, {"model": "accounts.user", "pk": 3, "fields": {"password": "pbkdf2_sha256$390000$Xi4MmchrjxkuWlXNFuPCou$2qGKGVyOLaJq7r4T3V8F6yEHdkzVqm8o5zlpnHf1t0g=", "last_login": null, "is_superuser": false, "username": "michael", "is_staff": false, "is_active": true, "date_joined": "2023-04-18T02:39:57.088Z", "first_name": "Michael", "last_name": "Griffing", "email": "MichaelIGriffing@jourrapide.com", "phone_number": "5195707814", "avatar": "", "is_host": false, "groups": [], "user_permissions": []}}, {"model": "accounts.user", "pk": 4, "fields": {"password": "pbkdf2_sha256$390000$b5Z599vX8eWMAe6vPKQAL7$CMjBeEaWeGd1aW7jvgaZSQfrCFzzMAz3idY1oVXUYU8=", "last_login": null, "is_superuser": false, "username": "brett", "is_staff": false, "is_active": true, "date_joined": "2023-04-18T02:40:05.743Z", "first_name": "Brett", "last_name": "Gonzales", "email": "BrettJGonzales@dayrep.com", "phone_number": "0248535675", "avatar": "", "is_host": true, "groups": [], "user_permissions": []}}, {"model": "accounts.user", "pk": 5, "fields": {"password": "pbkdf2_sha256$390000$4wSLWU5JeKIyNce5lkNa5L$eXUJwac4ud6jZTLFBJbi6FVPhT0MXxn8roNmAGB9wN8=", "last_login": null, "is_superuser": false, "username": "dale", "is_staff": false, "is_active": true, "date_joined": "2023-04-18T02:42:06.091Z", "first_name": "Dale", "last_name": "Floyd", "email": "DaleCFloyd@rhyta.com", "phone_number": "0240234437", "avatar": "", "is_host": true, "groups": [], "user_permissions": []}}, {"model": "accounts.user", "pk": 6, "fields": {"password": "pbkdf2_sha256$390000$mjUoVxC0UKL72RnK0lM5yi$xtJVPcFGHcuIiZvv2Z4+bTEopQHual2h6RQmRwf63as=", "last_login": null, "is_superuser": false, "username": "sherrie", "is_staff": false, "is_active": true, "date_joined": "2023-04-18T02:43:28.932Z", "first_name": "Sherrie", "last_name": "Diaz", "email": "SherrieRDiaz@dayrep.com", "phone_number": "07814196871", "avatar": "", "is_host": true, "groups": [], "user_permissions": []}}, {"model": "accounts.user", "pk": 7, "fields": {"password": "pbkdf2_sha256$390000$IYq87Un3ztGYtnaWAsVvH0$1v6yy4mbDxcUDmWNKoIDWfXHVVzg2EbCah1u9Nh/Wdw=", "last_login": null, "is_superuser": false, "username": "diane", "is_staff": false, "is_active": true, "date_joined": "2023-04-18T02:44:41.647Z", "first_name": "Diane", "last_name": "Lambert", "email": "DianeKLambert@rhyta.com", "phone_number": "4043727945", "avatar": "", "is_host": true, "groups": [], "user_permissions": []}}, {"model": "accounts.user", "pk": 8, "fields": {"password": "pbkdf2_sha256$390000$AwFfbhbG2qLbLo5y4DKtuQ$UxsDMJHKnzjzXkCz6n7e6iLZS5CpYUivXUKuNtGrGMc=", "last_login": null, "is_superuser": false, "username": "maryellen", "is_staff": false, "is_active": true, "date_joined": "2023-04-18T02:45:43.401Z", "first_name": "Maryellen", "last_name": "Gomez", "email": "MaryellenRGomez@armyspy.com", "phone_number": "5038883331", "avatar": "", "is_host": true, "groups": [], "user_permissions": []}}, {"model": "accounts.user", "pk": 9, "fields": {"password": "pbkdf2_sha256$390000$nAjtVRv58tHJy3ph8coVyg$lQ+Kk8ZAhI+Gsz5Azos4oZyvex5khG38y8gEKbNwDYI=", "last_login": null, "is_superuser": false, "username": "robert", "is_staff": false, "is_active": true, "date_joined": "2023-04-18T02:47:04.037Z", "first_name": "Robert", "last_name": "Myers", "email": "RobertMMyers@rhyta.com", "phone_number": "8602840475", "avatar": "", "is_host": true, "groups": [], "user_permissions": []}}, {"model": "accounts.user", "pk": 10, "fields": {"password": "pbkdf2_sha256$390000$1IO9j50l89dqF6NlwXA3YH$kX+dFY4dO+oHN1jv3Z1RrqUsDjj0XfwXOEFraSRmSvc=", "last_login": "2023-04-18T02:50:08.473Z", "is_superuser": true, "username": "admin", "is_staff": true, "is_active": true, "date_joined": "2023-04-18T02:49:39.749Z", "first_name": "", "last_name": "", "email": "admin@gmail.com", "phone_number": "", "avatar": "", "is_host": false, "groups": [], "user_permissions": []}}, {"model": "properties.amenity", "pk": 1, "fields": {"name": "wifi"}}, {"model": "properties.amenity", "pk": 2, "fields": {"name": "conditioner"}}, {"model": "properties.amenity", "pk": 3, "fields": {"name": "kitchen"}}, {"model": "properties.amenity", "pk": 4, "fields": {"name": "pool"}}, {"model": "properties.amenity", "pk": 5, "fields": {"name": "breakfast"}}, {"model": "properties.property", "pk": 1, "fields": {"host": 4, "name": "Villa Brett", "address": "Via dalla Staziun 82", "description": "Brett's first Swiss home", "guests": 4, "beds": 3, "bathrooms": 2, "location": "Switzerland", "amenities": [1, 2]}}, {"model": "properties.property", "pk": 2, "fields": {"host": 4, "name": "Villa Brett 2", "address": "Via Stauffacher 46", "description": "Brett's second Swiss home", "guests": 3, "beds": 1, "bathrooms": 1, "location": "Switzerland", "amenities": [2, 3, 4, 5]}}, {"model": "properties.property", "pk": 3, "fields": {"host": 4, "name": "Villa Brett 3", "address": "2934 Gregory Lane", "description": "As you enter, you'll be greeted by the grand foyer with high ceilings and stunning chandeliers, setting the tone for the elegance that awaits. The open-concept living area features floor-to-ceiling windows, allowing abundant natural light to flood the space, and providing breathtaking views of the surrounding landscape.", "guests": 3, "beds": 3, "bathrooms": 2, "location": "Louisville", "amenities": [1]}}, {"model": "properties.property", "pk": 4, "fields": {"host": 4, "name": "Villa Brett 4", "address": "1857 Brookside Drive", "description": "Step outside to the beautifully landscaped backyard oasis, featuring a sparkling pool and spa, a covered patio with outdoor seating, and a built-in barbecue, creating a perfect setting for outdoor gatherings and leisurely weekends. The property also includes a three-car garage for your convenience.", "guests": 1, "beds": 1, "bathrooms": 2, "location": "Alabama", "amenities": [2, 3]}}, {"model": "properties.property", "pk": 5, "fields": {"host": 5, "name": "Villa Dale", "address": "83 Shamrock Avenue", "description": "Dale's first Australian home", "guests": 4, "beds": 4, "bathrooms": 3, "location": "Australia", "amenities": [2, 3, 4]}}, {"model": "properties.property", "pk": 6, "fields": {"host": 5, "name": "Villa Dale 2", "address": "82 Shamrock Avenue", "description": "Dale's second Australian home", "guests": 4, "beds": 4, "bathrooms": 3, "location": "Australia", "amenities": [1, 2, 3, 4]}}, {"model": "properties.property", "pk": 7, "fields": {"host": 5, "name": "Villa Dale 3", "address": "2181 Chipmunk Lane", "description": "Welcome to this beautiful rental property located in the heart of the city! This spacious apartment boasts two bedrooms and two bathrooms, making it perfect for a small family or roommates.", "guests": 2, "beds": 2, "bathrooms": 1, "location": "Plymouth", "amenities": [1]}}, {"model": "properties.property", "pk": 8, "fields": {"host": 5, "name": "Villa Dale 4", "address": "2080 Alpha Avenue", "description": "The bedrooms are both furnished with cozy beds and ample storage space, and the bathrooms are sparkling clean and fitted with all the essentials. Additionally, the apartment comes with air conditioning, heating, and high-speed internet to ensure your comfort and convenience.", "guests": 2, "beds": 2, "bathrooms": 2, "location": "Jacksonville", "amenities": [1, 2, 3]}}, {"model": "properties.property", "pk": 9, "fields": {"host": 6, "name": "Villa Sherrie", "address": "66 Emerson Road", "description": "Sherrie's first UK home", "guests": 5, "beds": 5, "bathrooms": 2, "location": "United Kingdom", "amenities": []}}, {"model": "properties.property", "pk": 10, "fields": {"host": 6, "name": "Villa Sherrie 2", "address": "2029 Liberty Avenue", "description": "Outside, you'll find a lovely balcony with stunning views of the city, where you can enjoy your morning coffee or a glass of wine in the evening. The building also offers on-site laundry facilities and secure parking for your peace of mind.", "guests": 3, "beds": 3, "bathrooms": 3, "location": "Fullerton", "amenities": []}}, {"model": "properties.property", "pk": 11, "fields": {"host": 6, "name": "Villa Sherrie 3", "address": "3238 Station Street", "description": "With its prime location close to public transportation, restaurants, and shopping, this rental property is the perfect choice for those who want to live in style and comfort in the heart of the city. Book your viewing today!", "guests": 3, "beds": 3, "bathrooms": 1, "location": "Austin", "amenities": [2, 3]}}, {"model": "properties.property", "pk": 12, "fields": {"host": 7, "name": "Villa Diane", "address": "3965 Rubaiyat Road", "description": "Welcome to this beautiful rental property located in the heart of the city! This spacious apartment boasts two bedrooms and two bathrooms, making it perfect for a small family or roommates.", "guests": 8, "beds": 9, "bathrooms": 3, "location": "Grand Rapids", "amenities": [3]}}, {"model": "properties.property", "pk": 13, "fields": {"host": 7, "name": "Villa Diane 2", "address": "643 Steele Street", "description": "Welcome to your dream home! This stunning rental property is located in a tranquil neighborhood, offering peace and serenity amidst the hustle and bustle of city life. The exterior boasts a charming, well-maintained façade with lush landscaping and a welcoming front porch, perfect for enjoying your morning coffee or evening relaxation.", "guests": 5, "beds": 5, "bathrooms": 2, "location": "Wood Dale", "amenities": [1, 2]}}, {"model": "properties.property", "pk": 14, "fields": {"host": 7, "name": "Villa Diane 3", "address": "4263 Black Oak Hollow Road", "description": "The backyard oasis is a private sanctuary that's perfect for outdoor entertaining or simply enjoying some solitude. The patio area is ideal for BBQs and al fresco dining, while the manicured lawn offers ample space for play and relaxation. The mature trees and colorful flowers create a picturesque backdrop, providing a serene ambiance that will make you feel right at home.", "guests": 7, "beds": 7, "bathrooms": 2, "location": "United Kingdom", "amenities": [4, 5]}}, {"model": "properties.property", "pk": 15, "fields": {"host": 8, "name": "Villa Maryellen", "address": "551 Upland Avenue", "description": "Conveniently located near parks, schools, shopping, and dining options, this rental property offers a prime location that combines tranquility with accessibility. With its modern amenities, elegant design, and serene surroundings, this rental property is the epitome of comfortable and sophisticated living. Don't miss out on this exceptional opportunity to make it your new home!", "guests": 3, "beds": 3, "bathrooms": 1, "location": "Toledo", "amenities": [2, 3]}}, {"model": "properties.property", "pk": 16, "fields": {"host": 8, "name": "Villa Maryellen 2", "address": "1000 Pretty View Lane", "description": "The modern kitchen is a chef's delight, featuring sleek stainless steel appliances, granite countertops, a large island with seating for four, and ample storage space. It's perfect for hosting dinner parties or whipping up gourmet meals for your family and friends.", "guests": 10, "beds": 12, "bathrooms": 3, "location": "San Francisco", "amenities": [2]}}, {"model": "properties.property", "pk": 17, "fields": {"host": 8, "name": "Villa Maryellen 3", "address": "2889 Martha Street", "description": "The living room is cozy and inviting, with a fireplace as the focal point, perfect for relaxing on chilly evenings. Adjacent to the living room is a formal dining area that's perfect for hosting special occasions or enjoying family meals.", "guests": 3, "beds": 3, "bathrooms": 1, "location": "Fredonia", "amenities": [2, 3]}}, {"model": "properties.property", "pk": 18, "fields": {"host": 9, "name": "Villa Robert", "address": "1770 Charla Lane", "description": "The master suite is a true oasis, offering a spacious bedroom with vaulted ceilings, a walk-in closet, and an ensuite bathroom with a double vanity, a soaking tub, and a separate shower. The two additional bedrooms are generously sized and perfect for guests or a growing family.", "guests": 2, "beds": 3, "bathrooms": 1, "location": "Richardson", "amenities": [1, 2]}}, {"model": "properties.property", "pk": 19, "fields": {"host": 9, "name": "Villa Robert 2", "address": "2931 Ruckman Road", "description": "The backyard is an entertainer's paradise, featuring a covered patio with outdoor seating, a BBQ area, and a lush green lawn that's perfect for outdoor activities or simply relaxing in the sunshine. The property also includes a 2-car garage, a laundry room with a washer and dryer, and central heating and cooling for year-round comfort.", "guests": 4, "beds": 4, "bathrooms": 2, "location": "Oklahoma", "amenities": [4, 5]}}, {"model": "properties.property", "pk": 20, "fields": {"host": 9, "name": "Villa Robert 3", "address": "2312 Seltice Way", "description": "This rental property is conveniently located near parks, schools, shopping centers, and restaurants, making it easy to enjoy all the amenities the area has to offer. Don't miss out on this opportunity to make this stunning rental property your new home! Contact us today for a showing.", "guests": 3, "beds": 3, "bathrooms": 2, "location": "Coeur D Alene", "amenities": [3]}}, {"model": "properties.propertyimage", "pk": 1, "fields": {"name": "1_1", "property": 1, "image": "images/1_1.jpeg", "default": false}}, {"model": "properties.propertyimage", "pk": 2, "fields": {"name": "1_2", "property": 1, "image": "images/1_2.jpeg", "default": false}}, {"model": "properties.propertyimage", "pk": 3, "fields": {"name": "2_1", "property": 2, "image": "images/2_1.jpeg", "default": false}}, {"model": "properties.propertyimage", "pk": 4, "fields": {"name": "2_2", "property": 2, "image": "images/2_2.jpeg", "default": false}}, {"model": "properties.propertyimage", "pk": 5, "fields": {"name": "3_1", "property": 3, "image": "images/3_1.jpeg", "default": false}}, {"model": "properties.propertyimage", "pk": 6, "fields": {"name": "3_2", "property": 3, "image": "images/3_2.jpeg", "default": false}}, {"model": "properties.propertyimage", "pk": 7, "fields": {"name": "4_1", "property": 4, "image": "images/4_1.jpeg", "default": false}}, {"model": "properties.propertyimage", "pk": 8, "fields": {"name": "4_2", "property": 4, "image": "images/4_2.jpeg", "default": false}}, {"model": "properties.propertyimage", "pk": 9, "fields": {"name": "5_1", "property": 5, "image": "images/5_1.jpeg", "default": false}}, {"model": "properties.propertyimage", "pk": 10, "fields": {"name": "5_2", "property": 5, "image": "images/5_2.jpeg", "default": false}}, {"model": "properties.propertyimage", "pk": 11, "fields": {"name": "6_1", "property": 6, "image": "images/6_1.jpeg", "default": false}}, {"model": "properties.propertyimage", "pk": 12, "fields": {"name": "6_2", "property": 6, "image": "images/6_2.jpeg", "default": false}}, {"model": "properties.propertyimage", "pk": 13, "fields": {"name": "7_1", "property": 7, "image": "images/7_1.jpeg", "default": false}}, {"model": "properties.propertyimage", "pk": 14, "fields": {"name": "7_2", "property": 7, "image": "images/7_2.jpeg", "default": false}}, {"model": "properties.propertyimage", "pk": 15, "fields": {"name": "8_1", "property": 8, "image": "images/8_1.jpeg", "default": false}}, {"model": "properties.propertyimage", "pk": 16, "fields": {"name": "8_2", "property": 8, "image": "images/8_2.jpeg", "default": false}}, {"model": "properties.propertyimage", "pk": 17, "fields": {"name": "9_1", "property": 9, "image": "images/9_1.jpeg", "default": false}}, {"model": "properties.propertyimage", "pk": 18, "fields": {"name": "9_2", "property": 9, "image": "images/9_2.jpeg", "default": false}}, {"model": "properties.propertyimage", "pk": 19, "fields": {"name": "10_1", "property": 10, "image": "images/10_1.jpeg", "default": false}}, {"model": "properties.propertyimage", "pk": 20, "fields": {"name": "10_2", "property": 10, "image": "images/10_2.jpeg", "default": false}}, {"model": "properties.propertyimage", "pk": 21, "fields": {"name": "11_1", "property": 11, "image": "images/11_1.jpeg", "default": false}}, {"model": "properties.propertyimage", "pk": 22, "fields": {"name": "11_2", "property": 11, "image": "images/11_2.jpeg", "default": false}}, {"model": "properties.propertyimage", "pk": 23, "fields": {"name": "12_1", "property": 13, "image": "images/12_1.jpeg", "default": false}}, {"model": "properties.propertyimage", "pk": 24, "fields": {"name": "12_2", "property": 13, "image": "images/12_2.jpeg", "default": false}}, {"model": "properties.propertyimage", "pk": 25, "fields": {"name": "13_1", "property": 12, "image": "images/13_1.jpeg", "default": false}}, {"model": "properties.propertyimage", "pk": 26, "fields": {"name": "13_2", "property": 12, "image": "images/13_2.jpeg", "default": false}}, {"model": "properties.propertyimage", "pk": 27, "fields": {"name": "14_1", "property": 14, "image": "images/14_1.jpeg", "default": false}}, {"model": "properties.propertyimage", "pk": 28, "fields": {"name": "14_2", "property": 14, "image": "images/14_2.jpeg", "default": false}}, {"model": "properties.propertyimage", "pk": 29, "fields": {"name": "15_1", "property": 15, "image": "images/15_1.jpeg", "default": false}}, {"model": "properties.propertyimage", "pk": 30, "fields": {"name": "15_2", "property": 15, "image": "images/15_2.jpeg", "default": false}}, {"model": "properties.propertyimage", "pk": 31, "fields": {"name": "16_1", "property": 16, "image": "images/16_1.jpeg", "default": false}}, {"model": "properties.propertyimage", "pk": 32, "fields": {"name": "16_2", "property": 16, "image": "images/16_2.jpeg", "default": false}}, {"model": "properties.propertyimage", "pk": 33, "fields": {"name": "17_1", "property": 17, "image": "images/17_1.jpeg", "default": false}}, {"model": "properties.propertyimage", "pk": 34, "fields": {"name": "17_2", "property": 17, "image": "images/17_2.jpeg", "default": false}}, {"model": "properties.propertyimage", "pk": 35, "fields": {"name": "18_1", "property": 18, "image": "images/18_1.jpeg", "default": false}}, {"model": "properties.propertyimage", "pk": 36, "fields": {"name": "18_2", "property": 18, "image": "images/18_2.jpeg", "default": false}}, {"model": "properties.propertyimage", "pk": 37, "fields": {"name": "19_1", "property": 19, "image": "images/19_1.jpeg", "default": false}}, {"model": "properties.propertyimage", "pk": 38, "fields": {"name": "19_2", "property": 19, "image": "images/19_2.jpeg", "default": false}}, {"model": "properties.propertyimage", "pk": 39, "fields": {"name": "20_1", "property": 20, "image": "images/20_1.jpeg", "default": false}}, {"model": "properties.propertyimage", "pk": 40, "fields": {"name": "20_2", "property": 20, "image": "images/20_2.jpeg", "default": false}}, {"model": "properties.availability", "pk": 1, "fields": {"property": 1, "start_date": "2023-05-24", "end_date": "2023-05-30", "price_per_night": "40.00"}}, {"model": "properties.availability", "pk": 2, "fields": {"property": 2, "start_date": "2023-06-14", "end_date": "2023-06-20", "price_per_night": "45.00"}}, {"model": "properties.availability", "pk": 3, "fields": {"property": 3, "start_date": "2023-05-17", "end_date": "2023-05-18", "price_per_night": "40.00"}}, {"model": "properties.availability", "pk": 4, "fields": {"property": 4, "start_date": "2023-06-01", "end_date": "2023-06-12", "price_per_night": "40.00"}}, {"model": "properties.availability", "pk": 5, "fields": {"property": 5, "start_date": "2023-05-27", "end_date": "2023-05-30", "price_per_night": "85.25"}}, {"model": "properties.availability", "pk": 6, "fields": {"property": 6, "start_date": "2023-07-25", "end_date": "2023-07-30", "price_per_night": "85.25"}}, {"model": "properties.availability", "pk": 7, "fields": {"property": 7, "start_date": "2023-06-10", "end_date": "2023-06-20", "price_per_night": "40.00"}}, {"model": "properties.availability", "pk": 8, "fields": {"property": 8, "start_date": "2023-06-01", "end_date": "2023-07-01", "price_per_night": "40.00"}}, {"model": "properties.availability", "pk": 9, "fields": {"property": 9, "start_date": "2023-05-24", "end_date": "2023-05-25", "price_per_night": "34.00"}}, {"model": "properties.availability", "pk": 10, "fields": {"property": 10, "start_date": "2023-05-05", "end_date": "2023-05-10", "price_per_night": "34.00"}}, {"model": "properties.availability", "pk": 11, "fields": {"property": 11, "start_date": "2023-06-13", "end_date": "2023-07-25", "price_per_night": "34.00"}}, {"model": "properties.availability", "pk": 12, "fields": {"property": 12, "start_date": "2023-05-30", "end_date": "2023-06-25", "price_per_night": "34.00"}}, {"model": "properties.availability", "pk": 13, "fields": {"property": 13, "start_date": "2023-05-24", "end_date": "2023-05-25", "price_per_night": "34.00"}}, {"model": "properties.availability", "pk": 14, "fields": {"property": 14, "start_date": "2023-06-08", "end_date": "2023-06-16", "price_per_night": "56.00"}}, {"model": "properties.availability", "pk": 15, "fields": {"property": 15, "start_date": "2023-07-24", "end_date": "2023-08-25", "price_per_night": "29.00"}}, {"model": "properties.availability", "pk": 16, "fields": {"property": 16, "start_date": "2023-05-24", "end_date": "2023-05-25", "price_per_night": "56.00"}}, {"model": "properties.availability", "pk": 17, "fields": {"property": 17, "start_date": "2023-06-24", "end_date": "2023-06-25", "price_per_night": "45.00"}}, {"model": "properties.availability", "pk": 18, "fields": {"property": 18, "start_date": "2023-05-10", "end_date": "2023-05-12", "price_per_night": "34.00"}}, {"model": "properties.availability", "pk": 19, "fields": {"property": 19, "start_date": "2023-07-24", "end_date": "2023-07-25", "price_per_night": "90.00"}}, {"model": "properties.availability", "pk": 20, "fields": {"property": 20, "start_date": "2023-06-24", "end_date": "2023-09-25", "price_per_night": "37.00"}}, {"model": "comments.comment", "pk": 1, "fields": {"author": 2, "created_at": "2023-04-18T03:16:20Z", "rating": 5, "text": "The villa was immaculately clean and well-maintained, with modern amenities that provided all the comforts of home. The open-concept living area was spacious and inviting, with plenty of natural light that streamed through large windows, creating a warm and welcoming atmosphere."}}, {"model": "comments.guestcomment", "pk": 1, "fields": {"host": 9, "property": 19}}]